,R_MEAN,G_MEAN,B_MEAN
0,0.6498746996155592,0.5931436234290047,0.5394318654208937
