,R_STD,G_STD,B_STD
0,0.23555116011295238,0.24341813015567643,0.25573785215134487
